Distance (mm),DNA Sequence Length (kb)
1.0775002,10
1.13449962,8
1.22290548,6
1.2862382,5
1.37311529,4
1.51166553,3
1.74323989,2
1.95045702,1.5
2.13174521,1.2
2.28235357,1
2.43059982,0.8
2.53310266,0.7
2.64963947,0.6
2.78121614,0.5
2.93082003,0.4
3.10943334,0.3
3.33701061,0.2
3.57686656,0.1
